﻿<?xml version="1.0" encoding="utf-8"?>
<manifest identifier="_5xU5RBleVLi" version="1.0" xmlns="http://www.imsproject.org/xsd/imscp_rootv1p1p2" xmlns:adlcp="http://www.adlnet.org/xsd/adlcp_rootv1p2" xmlns:xsi="http://www.w3.org/2001/XMLSchema-instance" xsi:schemaLocation="http://www.imsproject.org/xsd/imscp_rootv1p1p2 imscp_rootv1p1p2.xsd http://www.imsglobal.org/xsd/imsmd_rootv1p2p1 imsmd_rootv1p2p1.xsd http://www.adlnet.org/xsd/adlcp_rootv1p2 adlcp_rootv1p2.xsd">
  <metadata>
    <schema>ADL SCORM</schema>
    <schemaversion>1.2</schemaversion>
    <lom xmlns="http://www.imsglobal.org/xsd/imsmd_rootv1p2p1" xmlns:xsi="http://www.w3.org/2001/XMLSchema-instance" xsi:schemaLocation="http://www.imsglobal.org/xsd/imsmd_rootv1p2p1 imsmd_rootv1p2p1.xsd">
      <general>
        <title>
          <langstring xml:lang="x-none">Actividad didáctica C4</langstring>
        </title>
      </general>
      <lifecycle>
        <version>
          <langstring xml:lang="x-none">1</langstring>
        </version>
        <status>
          <source>
            <langstring xml:lang="x-none">LOMv1.0</langstring>
          </source>
          <value>
            <langstring xml:lang="x-none">Final</langstring>
          </value>
        </status>
      </lifecycle>
      <metametadata>
        <metadatascheme>ADL SCORM 1.2</metadatascheme>
      </metametadata>
      <educational>
        <typicallearningtime>
          <datetime>PT0H0M0S</datetime>
        </typicallearningtime>
      </educational>
      <rights>
        <cost>
          <source>
            <langstring xml:lang="x-none">LOMv1.0</langstring>
          </source>
          <value>
            <langstring xml:lang="x-none">yes</langstring>
          </value>
        </cost>
        <copyrightandotherrestrictions>
          <source>
            <langstring xml:lang="x-none">LOMv1.0</langstring>
          </source>
          <value>
            <langstring xml:lang="x-none">yes</langstring>
          </value>
        </copyrightandotherrestrictions>
      </rights>
    </lom>
  </metadata>
  <organizations default="Actividad_didáctica_C4_ORG">
    <organization identifier="Actividad_didáctica_C4_ORG">
      <title>Actividad didáctica C4</title>
      <item identifier="M1a_Act1.2a_MultimediaLaCiudadelaPrehistoria_SCO" isvisible="true" identifierref="__5xU5RBleVLi_RES">
        <title>Actividad didáctica C4</title>
        <adlcp:masteryscore>100</adlcp:masteryscore>
      </item>
    </organization>
  </organizations>
  <resources>
    <resource identifier="__5xU5RBleVLi_RES" type="webcontent" href="index_lms.html" adlcp:scormtype="sco">
      <file href="story_content/thumbnail.jpg" />
      <file href="mobile/5YS9rrcCZuA.png" />
      <file href="mobile/6CeOue0LNW8.png" />
      <file href="mobile/6HdQ0MtI0Wx.png" />
      <file href="mobile/6RV5dnR7k23_80.jpg" />
      <file href="story_content/63AxEPcAA0a.js" />
      <file href="meta.xml" />
      <file href="story_content/triggers.js" />
      <file href="story_content/user.js" />
      <file href="mobile/Shape6pgTJC29GAx.png" />
      <file href="html5/data/css/output.min.css" />
      <file href="html5/data/js/5eMpVVhChfC.js" />
      <file href="html5/data/js/5gG79znnKej.js" />
      <file href="html5/data/js/5lgU8lBuSBB.js" />
      <file href="html5/data/js/5lQSODGdIVQ.js" />
      <file href="html5/data/js/5lZEeLMrmUt.js" />
      <file href="html5/data/js/5YwcsPehzLX.js" />
      <file href="html5/data/js/63WA0vUjrQV.js" />
      <file href="html5/data/js/64NBHuWuwj3.js" />
      <file href="html5/data/js/65hj0uwenBI.js" />
      <file href="html5/data/js/6gaOPeXKk29.js" />
      <file href="html5/data/js/6GrUdUpuerp.js" />
      <file href="html5/data/js/6SVzdn0sZsC.js" />
      <file href="html5/data/js/data.js" />
      <file href="html5/data/js/frame.js" />
      <file href="html5/data/js/paths.js" />
      <file href="html5/lib/scripts/bootstrapper.min.js" />
      <file href="html5/lib/scripts/frame.desktop.min.js" />
      <file href="html5/lib/scripts/frame.mobile.min.js" />
      <file href="html5/lib/scripts/slides.min.js" />
      <file href="html5/lib/stylesheets/desktop.min.css" />
      <file href="html5/lib/stylesheets/mobile.min.css" />
      <file href="html5/lib/stylesheets/mobile-fonts/open-sans-bold.woff" />
      <file href="html5/lib/stylesheets/mobile-fonts/open-sans-light.woff" />
      <file href="html5/lib/stylesheets/mobile-fonts/open-sans-regular.woff" />
      <file href="analytics-frame.html" />
      <file href="story.html" />
      <file href="index_lms.html" />
      <file href="lms/AICCComm.html" />
      <file href="lms/blank.html" />
      <file href="lms/browsersniff.js" />
      <file href="lms/goodbye.html" />
      <file href="lms/scormdriver.js" />
    </resource>
  </resources>
</manifest>